source_id,mass_solar,teff,metallicity,log_mass,log_teff,class_simple,p_wd,p_ns,p_bh
0,30.025755495904267,35662.68141593789,-1.944601213484141,1.4774939437543586,4.55221399392529,high_mass,0.0,0.1,0.9
1,76.0620730821523,27964.57740134572,-0.8742971578649255,1.8811681579920754,4.446608260687318,high_mass,0.0,0.1,0.9
2,58.58631595073128,17202.561773600566,0.1188375076292249,1.767796189378533,4.2355931260525495,high_mass,0.0,0.1,0.9
3,47.93281288734323,41155.26343608006,-0.3033253407713165,1.6806329158602604,4.614425385965446,high_mass,0.0,0.1,0.9
4,12.56588937135068,35024.73069630927,-0.0803165564156507,1.0991932319179252,4.544374804698527,high_mass,0.02,0.7,0.28
5,12.563962174862592,10224.304618882335,-0.523649899867848,1.0991266202389487,4.009633780204867,high_mass,0.02,0.7,0.28
6,4.7408806122391365,45769.04126345752,-0.4231703064464427,0.6758590187868755,4.660571815238073,intermediate,0.99,0.01,0.0
7,69.30747404741732,41570.51903885053,0.0475869546959577,1.8407800710118822,4.618785447029704,high_mass,0.0,0.1,0.9
8,48.12908943828239,47615.49588136639,-1.7509959734224425,1.6824076452703323,4.6777483115564005,high_mass,0.0,0.1,0.9
9,56.67499896590404,36971.6766484471,-1.0317251090705786,1.7533915208743878,4.5678691460737175,high_mass,0.0,0.1,0.9
10,1.7447010942346155,31637.22180695002,-1.836371674541193,0.2417210334477455,4.5001983393361975,intermediate,0.99,0.01,0.0
11,77.59579718774334,22366.5442238044,0.4630040239899409,1.8898381992530173,4.349598887964755,high_mass,0.0,0.1,0.9
12,66.6121669999537,46804.60295931563,0.3321780190598398,1.8235535621783123,4.670288565500001,high_mass,0.0,0.1,0.9
13,17.065894943194266,43638.0347512694,-2.3817195658944823,1.2321290678094847,4.639865183806824,high_mass,0.02,0.7,0.28
14,14.62781487984734,4647.886830043997,-0.3832744824529346,1.1651794555510553,3.6672555450092617,high_mass,0.02,0.7,0.28
15,14.754020337289363,3752.4312886194703,0.2757449522469972,1.168910377764523,3.5743127485511192,high_mass,0.02,0.7,0.28
16,24.408955212467067,20382.00992670736,-1.9582739646179996,1.3875491905121862,4.309247008769381,high_mass,0.0,0.1,0.9
17,42.02803888741581,41001.28321213706,-0.7961643083421115,1.6235391254266975,4.612797448993623,high_mass,0.0,0.1,0.9
18,34.612406989505054,49395.61614245986,0.2464648927641253,1.5392318017186295,4.693688407028476,high_mass,0.0,0.1,0.9
19,23.36920830182355,9644.802327417588,-2.398162064242604,1.368643999684764,3.984293331099499,high_mass,0.0,0.1,0.9
20,48.987046288318126,30721.20897922642,-0.4077391982594802,1.6900812541255097,4.4874383025923965,high_mass,0.0,0.1,0.9
21,11.245559466098143,20592.31568997352,-1.6079529778823476,1.0509810664408539,4.313705187551889,high_mass,0.02,0.7,0.28
22,23.442357417963933,48570.93389619365,0.2731885861295913,1.37000128320497,4.68637645393761,high_mass,0.0,0.1,0.9
23,29.37231127916597,42500.64884894616,0.4131747354961033,1.4679381220860894,4.6283955603883316,high_mass,0.0,0.1,0.9
24,36.539991738941175,42320.61347377905,0.3327994673403016,1.562768444830075,4.626551954545701,high_mass,0.0,0.1,0.9
25,62.83555931530179,24762.925090261087,-1.0773573500276088,1.7982054851997944,4.393801943883105,high_mass,0.0,0.1,0.9
26,16.053935194452944,22203.92636103909,0.0861279529679404,1.2055815055107995,4.34642977833162,high_mass,0.02,0.7,0.28
27,41.18733162924757,15486.835916708544,0.033648195605211,1.61476365657813,4.189962697018183,high_mass,0.0,0.1,0.9
28,47.4339240520772,5177.836090919038,-1.542698580270233,1.6760890538880238,3.71414829833213,high_mass,0.0,0.1,0.9
29,3.8113879763278176,43574.31287211503,-0.0132535775479678,0.5810831595835164,4.6392305474010405,intermediate,0.99,0.01,0.0
30,48.64283366692493,41112.79793367868,-2.388977095853522,1.6870188666360393,4.613977033720478,high_mass,0.0,0.1,0.9
31,13.724877482614591,49986.5894810912,-0.7111903645538409,1.1375084763380197,4.698853506425115,high_mass,0.02,0.7,0.28
32,5.297622279523833,49840.249761010506,-1.8099734881368907,0.7240809898678833,4.697580210006588,intermediate,0.99,0.01,0.0
33,75.91595442654132,28883.006016124804,-2.138299342668164,1.880333056412874,4.460642390707782,high_mass,0.0,0.1,0.9
34,77.25399944265729,39026.90222107425,-2.2691403951123723,1.8879209721216665,4.591364080318245,high_mass,0.0,0.1,0.9
35,64.69094811450525,47376.37216941533,-0.4111336723655805,1.8108435162337086,4.675561801698562,high_mass,0.0,0.1,0.9
36,24.43864015695232,42858.25105717705,-1.4803751086958017,1.3880770367275457,4.632034444547275,high_mass,0.0,0.1,0.9
37,7.904001909110072,14249.034832801888,-0.3256996854137157,0.8978470364778346,4.153785448135112,intermediate,0.99,0.01,0.0
38,54.77021881832134,23900.84642722944,-2.303930977603173,1.738544476028286,4.37841328137349,high_mass,0.0,0.1,0.9
39,35.268184249794146,8635.072219696012,-1.5541289865081689,1.5473831009888965,3.9362659741541206,high_mass,0.0,0.1,0.9
40,9.85085496409783,47817.42379478931,-0.8815261228739883,0.9934739249216175,4.679586174417863,high_mass,0.02,0.7,0.28
41,39.66463511789049,31293.295136416804,-0.1278305054831094,1.5984034634875541,4.495451296102924,high_mass,0.0,0.1,0.9
42,2.84764283710595,13360.53326141448,-1.5437424912037905,0.45448551740824394,4.125823792560774,intermediate,0.99,0.01,0.0
43,72.75470012609469,34405.78250927819,-0.6223258706889727,1.8618610550172758,4.536631439688499,high_mass,0.0,0.1,0.9
44,20.77652052984136,31861.09142175005,0.1579332447085613,1.31757281746481,4.503260648750889,high_mass,0.0,0.1,0.9
45,53.03553051988317,19512.729106559924,-0.6524104354530862,1.724566917501927,4.290318015321242,high_mass,0.0,0.1,0.9
46,25.00571497954394,7893.985629482378,-1.8011215757390988,1.398039276689381,3.8972963314536964,high_mass,0.0,0.1,0.9
47,41.653434892107086,34399.72679065798,-2.426797655330386,1.6196508207050782,4.5365549933337155,high_mass,0.0,0.1,0.9
48,43.78215131952805,27214.61579293018,0.1102966217027896,1.6412970976440875,4.434802207468519,high_mass,0.0,0.1,0.9
49,14.869870996489611,39185.12360744287,-2.4361917674488387,1.172307200818139,4.593121221065551,high_mass,0.02,0.7,0.28
50,77.56981175838823,27207.766302819688,0.1241050180525982,1.8896927375265309,4.434692888630939,high_mass,0.0,0.1,0.9
51,62.03311258655306,42978.621265130656,-0.913188597918364,1.7926235729632947,4.633252479406939,high_mass,0.0,0.1,0.9
52,75.16596543097872,28715.574841788064,0.3172030955386886,1.8760212399083698,4.458117514613971,high_mass,0.0,0.1,0.9
53,71.59670529916914,29144.553647930847,-0.1036502926790037,1.8548930376247217,4.4645574084382735,high_mass,0.0,0.1,0.9
54,47.87220830700571,44141.04612627139,0.4938023316000124,1.6800834616040783,4.64484262156427,high_mass,0.0,0.1,0.9
55,73.75775137834704,21665.43614508886,-1.4478645536448695,1.8678076680935438,4.335767436204404,high_mass,0.0,0.1,0.9
56,7.170550913948368,8865.723351405435,-0.1984351332066194,0.8555525238262947,3.94771417532418,intermediate,0.99,0.01,0.0
57,15.759030707289702,3867.177124883601,-1.2942072591722735,1.1975295017689465,3.5873940641335462,high_mass,0.02,0.7,0.28
58,3.713660383951992,38369.0196444969,-1.0603731390882736,0.569802184778134,4.583980702809874,intermediate,0.99,0.01,0.0
59,26.093893427984824,31964.70368928957,-0.6174836103448897,1.4165388843181361,4.504670682907129,high_mass,0.0,0.1,0.9
60,31.15531544618961,35943.78898471312,0.1210313425590161,1.493532152825444,4.555623855978812,high_mass,0.0,0.1,0.9
61,21.780787638734285,12615.79767167326,0.4522504075978855,1.3380735806984994,4.100914715293861,high_mass,0.0,0.1,0.9
62,66.31612698123915,8977.645090371563,-0.1951797584064456,1.8216191544572884,3.9531624326161077,high_mass,0.0,0.1,0.9
63,28.604590802817786,3190.8716192243915,-1.2466996534979988,1.4564357394343437,3.503909331243328,high_mass,0.0,0.1,0.9
64,22.54666732402173,19152.90904331336,-1.2359289931687891,1.353082356868032,4.2822347462163535,high_mass,0.0,0.1,0.9
65,43.46141704434406,30521.09012559507,-0.2872530952333254,1.6381038822354592,4.48460004131022,high_mass,0.0,0.1,0.9
66,11.359845575483536,21131.592142237285,-1.783668562695093,1.0553724276627456,4.324932219841652,high_mass,0.02,0.7,0.28
67,64.19553876224776,23280.05879612713,-2.168577660605816,1.8075048480336633,4.366984072833578,high_mass,0.0,0.1,0.9
68,6.0565964300136885,45447.53798845305,-1.4361335270776705,0.7822286362260684,4.657510361331575,intermediate,0.99,0.01,0.0
69,78.95226623438133,19042.134683606768,-1.638283025037755,1.897364600448949,4.279715632564459,high_mass,0.0,0.1,0.9
70,61.80235706680293,26914.500735091013,-1.6110756386320295,1.7910050388685108,4.429986328048937,high_mass,0.0,0.1,0.9
71,15.977382954580376,39723.5181052043,-1.7991767468502702,1.2035056447237344,4.599047704728082,high_mass,0.02,0.7,0.28
72,0.5412171581758317,21335.782160260333,-2.3737204310909146,-0.26662844344366526,4.329108568529221,sun_like,0.99,0.01,0.0
73,65.25536813354125,32049.11826082399,-2.446378195799759,1.8146162440544558,4.505816085657449,high_mass,0.0,0.1,0.9
74,56.57790177342461,43462.27616547039,0.4631671692080945,1.7526468373394173,4.638112467042448,high_mass,0.0,0.1,0.9
75,58.34767272647489,47602.229623738,-1.216680598792413,1.7660235383212939,4.6776272949601685,high_mass,0.0,0.1,0.9
76,61.724500700207074,9485.990344129305,-1.3470200585209549,1.7904575855375962,3.9770826782440105,high_mass,0.0,0.1,0.9
77,6.01616767355382,46512.91219517098,-0.4610581519207906,0.7793199317532027,4.66757353174327,intermediate,0.99,0.01,0.0
78,28.741411710687384,25875.523921278065,-1.8452383364048075,1.458508095847767,4.412889152042421,high_mass,0.0,0.1,0.9
79,9.357937856057864,14766.60844420052,0.349883551850676,0.9711801568146177,4.16928075915043,high_mass,0.02,0.7,0.28
80,69.06196372745993,24308.94842131741,-0.1409649567533439,1.8392389230414516,4.385766172142511,high_mass,0.0,0.1,0.9
81,49.90152033352188,49051.54732606016,-2.2317669930632213,1.6981137773348318,4.690652711707211,high_mass,0.0,0.1,0.9
82,26.538752185726672,25899.359464661306,-1.247257672645215,1.4238804991013907,4.413289023370712,high_mass,0.0,0.1,0.9
83,5.1783121878532885,18115.70148865664,0.137354922686494,0.714188229446667,4.258055155745887,intermediate,0.99,0.01,0.0
84,24.94748750508141,32586.540580044475,0.334196066874231,1.3970268137821207,4.513038257772816,high_mass,0.0,0.1,0.9
85,26.08214742993709,13906.91689196417,-1.0977954662503908,1.4163433454409473,4.143230859307717,high_mass,0.0,0.1,0.9
86,58.39553364921132,6103.508085161537,-0.659765832367877,1.7663796316042015,3.7855795242081745,high_mass,0.0,0.1,0.9
87,51.04084196128154,8621.78679075584,-1.9988981617237744,1.7079178298220912,3.9355972789280846,high_mass,0.0,0.1,0.9
88,70.9882981318485,8582.177350494192,0.4735058784109296,1.8511867645555276,3.9335974849746944,high_mass,0.0,0.1,0.9
89,37.82997252043975,9715.377941833982,-1.8049848958496697,1.5778360258228599,3.987459699929145,high_mass,0.0,0.1,0.9
90,9.655580250470306,9094.29070084698,0.3281953224053771,0.9847783777534548,3.958768832402178,high_mass,0.02,0.7,0.28
91,57.08825849911731,32941.55037815269,-0.5510600530228946,1.756546794876372,4.517744035174706,high_mass,0.0,0.1,0.9
92,60.88672538449011,11139.30400895938,-0.6767896153634227,1.784522617416509,4.046858056680524,high_mass,0.0,0.1,0.9
93,44.94604808580275,18919.1959578835,-0.961934466950474,1.6526915120874937,4.276902675486789,high_mass,0.0,0.1,0.9
94,61.70027767836943,45097.44947053556,-1.807990564846724,1.790287118553699,4.654151980631958,high_mass,0.0,0.1,0.9
95,39.554268149514826,25013.17791248644,-1.9704159039834752,1.5971933534157274,4.398168872145513,high_mass,0.0,0.1,0.9
96,41.86635306762133,34208.9925797488,-1.838541372789474,1.6218651316199306,4.534140284839895,high_mass,0.0,0.1,0.9
97,34.26052736684812,10685.193882077418,-1.9406852135672368,1.5347940437068222,4.02878240681384,high_mass,0.0,0.1,0.9
98,2.130988226853206,11633.728393411862,-0.1612465792997399,0.328581050358589,4.065718920333983,intermediate,0.99,0.01,0.0
99,8.720525016765025,4441.259272657746,-1.4496242224998095,0.9405426322972603,3.6475061272375786,high_mass,0.02,0.7,0.28
100,2.611191936370067,10524.415495927817,-2.326471970309811,0.4168387959296988,4.022197985368311,intermediate,0.99,0.01,0.0
101,50.94919185997606,15733.041104018035,0.4073078904224338,1.7071372997548793,4.1968126772984675,high_mass,0.0,0.1,0.9
102,25.217042887998502,10907.998003145474,0.151357654890277,1.4016941570696637,4.037745049766202,high_mass,0.0,0.1,0.9
103,40.73479822405976,6713.370353460142,0.2832568495856389,1.6099655694156696,3.826940606372683,high_mass,0.0,0.1,0.9
104,72.61456126669484,8230.203877278538,0.4847234679393057,1.8610237177204079,3.9154105936181463,high_mass,0.0,0.1,0.9
105,20.01844910899511,24386.991481554476,-1.978314252341538,1.3014304283133535,4.387158226572441,high_mass,0.0,0.1,0.9
106,32.88959555054682,12300.851624275145,-1.3112739432920235,1.517058532915743,4.089935179969475,high_mass,0.0,0.1,0.9
107,60.4685359695896,19802.818399783584,-0.2252845728877259,1.7815294538378654,4.29672700482551,high_mass,0.0,0.1,0.9
108,18.38097342278064,26412.3203656057,-0.4119381458386231,1.264368507101665,4.421806556364525,high_mass,0.02,0.7,0.28
109,6.25069479532056,35293.754359894854,-2.038312280980435,0.7959282939845376,4.547697858730061,intermediate,0.99,0.01,0.0
110,23.25114108781007,4367.326642452199,-0.0525006250281467,1.3664442714616145,3.6402156750240264,high_mass,0.0,0.1,0.9
111,12.981580851594954,40471.99394817952,-1.826678284490018,1.1133275825506028,4.607154601459998,high_mass,0.02,0.7,0.28
112,74.38284242217159,32325.26850081812,-1.8285471555321309,1.871472770213836,4.50954214091328,high_mass,0.0,0.1,0.9
113,64.66881832719692,6383.554017571416,-0.8890767313197592,1.8106949252943183,3.8050625377296514,high_mass,0.0,0.1,0.9
114,50.70896014518284,43994.98464507192,-0.7211801954748904,1.705084704851967,4.643403170460789,high_mass,0.0,0.1,0.9
115,69.72970115599864,46241.43902526113,-0.7597413764865664,1.8434178039317382,4.665031340788896,high_mass,0.0,0.1,0.9
116,64.31339894423924,5401.203093106028,-2.2255394878067354,1.8083014625250762,3.7324905076935195,high_mass,0.0,0.1,0.9
117,15.006947704994264,15651.688286992176,0.1323825878911408,1.176292369146883,4.194561190072799,high_mass,0.02,0.7,0.28
118,71.41546397934923,40794.56079017041,-1.7031998722338817,1.853792262108523,4.61060226171029,high_mass,0.0,0.1,0.9
119,43.1934451290605,38042.33529322377,-2.1114552361515875,1.635417844956737,4.580267168986478,high_mass,0.0,0.1,0.9
120,64.61446839760859,11264.748419427922,0.1662442396069314,1.8103297756063652,4.051721496878822,high_mass,0.0,0.1,0.9
121,71.69769486388711,12444.09285849374,0.36695449468926,1.8555051929901587,4.094963243177663,high_mass,0.0,0.1,0.9
122,25.50847765025193,20097.424882590643,0.086382851796352,1.4066845406237678,4.303140414090802,high_mass,0.0,0.1,0.9
123,8.893148769761373,25514.841796573517,-0.0714517758253658,0.94905555750694,4.406792879856644,high_mass,0.02,0.7,0.28
124,18.312019487101143,31867.101647689055,-0.5342740580829348,1.2627362418298762,4.50334256564959,high_mass,0.02,0.7,0.28
125,34.225912311237884,20023.39787956419,-0.8474278881725821,1.5343550333277434,4.301537777195732,high_mass,0.0,0.1,0.9
126,65.4593797972072,24470.399016324525,-2.2390397202657697,1.8159718862160037,4.388641051050811,high_mass,0.0,0.1,0.9
127,68.87237360218184,38004.86956135344,-1.2746403607879038,1.8380450506717765,4.579839246304526,high_mass,0.0,0.1,0.9
128,0.6554752294421372,4242.4521373034,-1.381934448963058,-0.18344371575095136,3.6276169513733842,sun_like,0.99,0.01,0.0
129,40.908709475947504,14490.754856340984,-1.7207386487190215,1.6118157792706778,4.161091009446652,high_mass,0.0,0.1,0.9
130,33.45113915158745,36384.10532951624,-0.3297396589342449,1.5244109119042788,4.560911700262518,high_mass,0.0,0.1,0.9
131,17.846414056611348,45022.32479014197,-1.0123727947636876,1.2515509648808107,4.653427916641014,high_mass,0.02,0.7,0.28
132,9.677242849961257,26804.67850049414,-2.256861352277056,0.985751639786742,4.4282106025966295,high_mass,0.02,0.7,0.28
133,27.07545219514988,27775.390550102493,-1.839450394150566,1.4325757186387569,4.443660174275801,high_mass,0.0,0.1,0.9
134,75.43848534261028,7590.670538639362,-0.4502237090212122,1.8775929600321613,3.8802801419518973,high_mass,0.0,0.1,0.9
135,25.923914268458347,23752.087424114092,-2.2716074215291,1.413700576552251,4.375701783095081,high_mass,0.0,0.1,0.9
136,41.55137067729496,27799.3201566136,0.0536207421463061,1.6185853546608564,4.4440341752043535,high_mass,0.0,0.1,0.9
137,56.27121481572472,14017.34892264966,-1.014560418958077,1.7502862910571524,4.146665884020528,high_mass,0.0,0.1,0.9
138,29.154005230105597,15289.053470095596,-1.058240268020056,1.4646982273572555,4.184380599510507,high_mass,0.0,0.1,0.9
139,77.74538840940475,20420.997747469577,-0.7227766460214471,1.8906746375992427,4.310076957419575,high_mass,0.0,0.1,0.9
140,76.99953886587468,3453.3818944420027,-0.0259571022245523,1.8864881242814984,3.5382446077377896,high_mass,0.0,0.1,0.9
141,20.2174054364466,17798.76036520097,-1.4565723762934208,1.3057254204471536,4.250389755943712,high_mass,0.0,0.1,0.9
142,39.830155620801605,12543.780332335871,-0.4659515423228093,1.6002120032489808,4.0984284400079565,high_mass,0.0,0.1,0.9
143,24.140176954359895,18056.124228450943,-0.8028041080126269,1.3827404492750166,4.256624534081731,high_mass,0.0,0.1,0.9
144,22.858755500759667,8188.701261414432,-1.698915189491736,1.359052582408117,3.9132150275568627,high_mass,0.0,0.1,0.9
145,3.04726709362717,44800.04583514501,0.1358899590654738,0.48391052189733363,4.6512784583271705,intermediate,0.99,0.01,0.0
146,48.804190284993766,30695.64154381731,-0.1077219351792155,1.6884571117470586,4.487076714635298,high_mass,0.0,0.1,0.9
147,40.26405395598604,34757.360159363256,-0.5246444960247234,1.6049174993673092,4.541046784124212,high_mass,0.0,0.1,0.9
148,4.2131522248741495,39985.633833848566,0.0517451872827257,0.624607150849735,4.601903984643919,intermediate,0.99,0.01,0.0
149,22.363852492505256,26176.00444913022,0.101882602879407,1.3495466190766068,4.417903355808181,high_mass,0.0,0.1,0.9
150,72.67044428873562,6628.713684152625,-0.3749110698548956,1.861357815368111,3.8214292608220255,high_mass,0.0,0.1,0.9
151,19.2409950642911,28012.56073638102,0.0110399850910161,1.284227528188075,4.447352811174408,high_mass,0.02,0.7,0.28
152,11.677100280088723,30374.95310599176,-0.4075856149921488,1.0673350098392522,4.482515616126542,high_mass,0.02,0.7,0.28
153,39.207275546177286,37908.37502375568,-0.4595776847190986,1.5933666648870375,4.578735168405819,high_mass,0.0,0.1,0.9
154,78.853471283437,23003.82844590977,-0.6441658653544471,1.896820816574985,4.36180012012928,high_mass,0.0,0.1,0.9
155,19.440216193768887,8560.064382789278,-0.241850081327076,1.2887010903864886,3.932477031147359,high_mass,0.02,0.7,0.28
156,53.8036302377297,15979.355525439412,-2.0241846841207787,1.7308115793657368,4.203559259496773,high_mass,0.0,0.1,0.9
157,60.95340726476454,19746.40907893517,0.1426122775967853,1.7849979874757467,4.295488129886765,high_mass,0.0,0.1,0.9
158,19.087239764992734,33181.06896325106,0.1155305832356958,1.2807431289434248,4.520890373170052,high_mass,0.02,0.7,0.28
159,58.28448625408758,29611.969471773315,-2.4122581508963226,1.76555297275493,4.47146729297792,high_mass,0.0,0.1,0.9
160,29.485872304268337,19414.594480147694,-0.0225497483057122,1.4696139803867272,4.28812832370651,high_mass,0.0,0.1,0.9
161,50.62123586442701,49359.474317666536,-2.113390397579664,1.7043327437963391,4.693370525778986,high_mass,0.0,0.1,0.9
162,50.71902388979549,31274.30391945214,-1.4946434372225743,1.705170886763369,4.495187652264575,high_mass,0.0,0.1,0.9
163,42.908397257573206,13768.272607459738,-0.2694752311251767,1.6325422927850235,4.138879456298544,high_mass,0.0,0.1,0.9
164,7.314152627347224,7334.667449469178,-2.0177203118550757,0.864164018693177,3.8653804279087467,intermediate,0.99,0.01,0.0
165,66.84066939758011,9760.80911125577,-0.0460989276428134,1.8250407906261936,3.9894858195098353,high_mass,0.0,0.1,0.9
166,25.73032719124169,14182.992098264136,-0.0035974661267741,1.410445308808377,4.151767860937818,high_mass,0.0,0.1,0.9
167,15.002828980948356,10132.365229828894,-0.9775967987174914,1.1761731587205229,4.005710835919195,high_mass,0.02,0.7,0.28
168,3.3579338102256373,11361.933642437025,-2.4808423848495,0.5260721313085596,4.055452248520927,intermediate,0.99,0.01,0.0
169,47.312346160740525,16042.020512957735,-1.6388856004752617,1.6749744847088748,4.205259067337476,high_mass,0.0,0.1,0.9
170,54.23739251119837,10735.245776500857,-0.6492192448727734,1.7342988024442114,4.03081199177704,high_mass,0.0,0.1,0.9
171,1.4253675313357068,45096.3576697552,0.4435585340822703,0.15392686171339728,4.654141466316855,sun_like,0.99,0.01,0.0
172,41.01623535811255,6311.102918928005,-0.6045594189499948,1.6129557964948622,3.8001052625322567,high_mass,0.0,0.1,0.9
173,18.197012438315245,27414.291004587096,-1.7205892568075205,1.2600000919379528,4.437977018529653,high_mass,0.02,0.7,0.28
174,51.64930595371505,21993.849282008923,-0.597982890701166,1.7130644899892904,4.342301244623998,high_mass,0.0,0.1,0.9
175,14.031877677498818,49162.9843031588,-0.8800438608524335,1.1471157900884683,4.691638237661453,high_mass,0.02,0.7,0.28
176,55.30592527438704,7821.847852982486,-0.1604638145465693,1.7427716625183947,3.8933093640000562,high_mass,0.0,0.1,0.9
177,31.00015416941294,21398.140954672726,-2.179058083519125,1.4913638536652027,4.330376043994142,high_mass,0.0,0.1,0.9
178,74.94472610006508,48549.84558058002,-0.216916292493916,1.8747410767276314,4.686187852913259,high_mass,0.0,0.1,0.9
179,11.08792343726486,43611.58847996406,-0.8762002639716693,1.0448502184502542,4.639601905419568,high_mass,0.02,0.7,0.28
180,27.35120144891566,41310.92337009079,0.3889760115769838,1.436976408226089,4.616064902312666,high_mass,0.0,0.1,0.9
181,9.166534347123068,14750.384284634642,-1.4743835018839415,0.9622051700856121,4.168803334925863,high_mass,0.02,0.7,0.28
182,73.98302010045717,10617.160401028126,-0.6021343205981555,1.8691320559087068,4.026008378603781,high_mass,0.0,0.1,0.9
183,70.19941433514039,34260.55294641048,0.2960843165300524,1.846333488880834,4.534794367959234,high_mass,0.0,0.1,0.9
184,20.70953605444093,46645.35948356032,-2.1924708160279622,1.3161703697165756,4.668808444418461,high_mass,0.0,0.1,0.9
185,52.83272527813091,28946.237418161665,0.3116854617093532,1.7229030135399994,4.461592119886327,high_mass,0.0,0.1,0.9
186,65.39605379607714,29651.60274982024,-0.43634283309756,1.8155515424176065,4.472048173133345,high_mass,0.0,0.1,0.9
187,44.46054484679704,15799.006948863498,-2.296488822684484,1.6479747805066416,4.198629790107425,high_mass,0.0,0.1,0.9
188,42.419081210644926,39050.914326617,-1.5971092991595512,1.6275612575452691,4.591631206775566,high_mass,0.0,0.1,0.9
189,19.42399804294609,11384.57805648236,-0.3754837340641552,1.2883386256380713,4.0563169391112694,high_mass,0.02,0.7,0.28
190,7.538911147691347,17874.763729201575,-2.297948195593685,0.8773086248224191,4.252240309953837,intermediate,0.99,0.01,0.0
191,71.7875390604708,22708.2308342798,-0.7534886194711801,1.8560490655941828,4.356183300277015,high_mass,0.0,0.1,0.9
192,72.0434027673501,26611.49298751161,-1.4623508291411298,1.85759421730939,4.425069240505879,high_mass,0.0,0.1,0.9
193,50.68480643613411,14014.462289716312,-0.6372534466975686,1.7048777922751988,4.146576439300088,high_mass,0.0,0.1,0.9
194,27.188480304791188,7954.749175112168,-2.3627738985624616,1.4343849334540621,3.900626490257637,high_mass,0.0,0.1,0.9
195,28.00184501155161,31504.45201597755,0.1146104184571288,1.4471866474828494,4.4983719299594975,high_mass,0.0,0.1,0.9
196,58.10385874173213,16209.951278912147,0.4204669075321909,1.7642049753265312,4.209781709522703,high_mass,0.0,0.1,0.9
197,71.77910977021091,30108.815517574083,0.4066335658570743,1.8559980677575647,4.478693670680481,high_mass,0.0,0.1,0.9
198,70.97820529878287,9832.22897552461,-0.251044504771226,1.8511250139085984,3.9926519839598558,high_mass,0.0,0.1,0.9
199,62.41205611402415,25354.15483810383,-2.1097412796081043,1.7952684902922398,4.4040491382415965,high_mass,0.0,0.1,0.9
200,51.3983285277276,27797.99804620033,-0.2252104122129323,1.7109489959799502,4.444013520062141,high_mass,0.0,0.1,0.9
201,6.822783203104402,4961.617999065278,-2.4262392506235955,0.8339615716036166,3.695623324369015,intermediate,0.99,0.01,0.0
202,13.01413425615964,18488.70321421123,-2.433629345413008,1.1144152826812657,4.266906451090888,high_mass,0.02,0.7,0.28
203,71.89447966331363,8884.697154601276,-1.5291693425513762,1.856695544850176,3.9486426289531282,high_mass,0.0,0.1,0.9
204,48.55368186680124,5510.311097456468,-1.0340704287860027,1.6862221684109864,3.7411761186511843,high_mass,0.0,0.1,0.9
205,0.8348444241687089,49523.1110385224,-0.1887777465766205,-0.07839444909148387,4.694807919219334,sun_like,0.99,0.01,0.0
206,8.207576274995965,17811.80763629934,-0.4501138701804845,0.9142149274240315,4.250707996197293,high_mass,0.02,0.7,0.28
207,53.11379135173367,40969.03617809516,-1.162291880869755,1.7252073031959827,4.612455747027136,high_mass,0.0,0.1,0.9
208,0.5044205493128732,14595.431101278782,-1.6791200011550025,-0.2972072292531966,4.164216927151473,sun_like,0.99,0.01,0.0
209,12.948563308258144,34871.37930563664,0.4913735004731334,1.1122215844860697,4.542469125838258,high_mass,0.02,0.7,0.28
210,43.94382977039024,38610.82334476011,-1.221456093292081,1.6428979036465774,4.5867090627033935,high_mass,0.0,0.1,0.9
211,55.3824262956462,30792.840178872604,-1.1458389270109737,1.7433719782013302,4.4884497479199394,high_mass,0.0,0.1,0.9
212,52.19170463425779,24899.868956132523,-2.0091285364249925,1.7176014815874396,4.39619706148215,high_mass,0.0,0.1,0.9
213,18.01911782589873,22062.443421995256,-0.1155713537502118,1.2557335251157122,4.343653609007399,high_mass,0.02,0.7,0.28
214,57.00311978566812,19071.242660792275,-0.418953322655534,1.7558986252974502,4.280378992109566,high_mass,0.0,0.1,0.9
215,19.05620209099433,46652.634351771725,-1.8376911616337188,1.2800363498554472,4.668876172244052,high_mass,0.02,0.7,0.28
216,26.09943588292549,41954.42186991713,-2.252856863152472,1.4166311205344402,4.622777740909637,high_mass,0.0,0.1,0.9
217,59.74466326893013,48338.77825665935,-0.4585020937758606,1.7762991177144418,4.684295669590531,high_mass,0.0,0.1,0.9
218,52.00566863387245,8404.118115563375,-0.5364663571565944,1.7160506844469974,3.924492147562678,high_mass,0.0,0.1,0.9
219,67.95295049848481,37216.2050721731,-1.680221419005372,1.8322083184252713,4.5707320861445435,high_mass,0.0,0.1,0.9
220,52.64327009479744,47071.1716989993,0.3525906867512312,1.7213428589496569,4.672755008930701,high_mass,0.0,0.1,0.9
221,45.507857406504186,11108.570642868855,-2.0468263246572995,1.658086388605996,4.045658181186573,high_mass,0.0,0.1,0.9
222,7.584613949464589,5658.572699921931,-1.2029955968721944,0.8799334804577447,3.7527068999659794,intermediate,0.99,0.01,0.0
223,29.480492664448743,37703.23084127781,0.3308477605027966,1.4695347369775056,4.576378567086928,high_mass,0.0,0.1,0.9
224,21.289669177769863,29787.472876045817,-1.240818049221633,1.3281689129467624,4.474033659893698,high_mass,0.0,0.1,0.9
225,19.594772505988782,42486.86689601792,-0.5844221570077432,1.2921402257132149,4.62825470614388,high_mass,0.02,0.7,0.28
226,77.8435433247204,9139.187889748751,-1.3072168061116172,1.8912225961625322,3.9609076059449224,high_mass,0.0,0.1,0.9
227,31.50850820087416,40275.19731334478,-1.67735439295399,1.4984278415914716,4.605037676760702,high_mass,0.0,0.1,0.9
228,71.37451975865135,12077.297702267866,0.4519329438794845,1.8535431991261375,4.081969771679189,high_mass,0.0,0.1,0.9
229,50.52797621718131,10273.657286120964,-1.271997981054871,1.7035319039118497,4.0117250742139925,high_mass,0.0,0.1,0.9
230,63.605423152977714,10302.625401722164,0.182297611037403,1.8034941462302205,4.012947909383912,high_mass,0.0,0.1,0.9
231,40.260703739104855,41192.29921099065,-1.8101361823267412,1.604881361892397,4.614816033441683,high_mass,0.0,0.1,0.9
232,46.1946203816461,34096.867983069504,-1.86068588792475,1.6645914025128286,4.532714488079283,high_mass,0.0,0.1,0.9
233,39.45216373612723,27345.607676533167,-2.406597751346466,1.5960708268836192,4.4368875787486095,high_mass,0.0,0.1,0.9
234,15.699914725063756,19544.44799586637,-0.5449995238723448,1.1958972935216647,4.2910234089338,high_mass,0.02,0.7,0.28
235,57.82392400939428,44167.02568862264,-1.3944209688287166,1.7621075601433858,4.645098153831367,high_mass,0.0,0.1,0.9
236,22.53371175902438,21141.142602575183,0.093074749518911,1.3528327347194327,4.325128455657479,high_mass,0.0,0.1,0.9
237,2.042845717873162,41288.47337489991,-1.0803702799253283,0.31023556858719553,4.615828825303525,intermediate,0.99,0.01,0.0
238,51.67323644298271,23358.90815708537,0.4045802837441652,1.7132656635063748,4.368452539106678,high_mass,0.0,0.1,0.9
239,14.251143284623211,20404.86039768311,-1.943423452890637,1.1538497066102174,4.309733627841302,high_mass,0.02,0.7,0.28
240,75.24264088979785,24477.289819306305,0.1058695038668324,1.8764640301497226,4.388763330071613,high_mass,0.0,0.1,0.9
241,76.31889330250674,16815.449022796747,-0.1702094416247748,1.8826320640532286,4.225708468767467,high_mass,0.0,0.1,0.9
242,73.19766477861384,38011.445558371925,-0.187234466067844,1.8644972260045747,4.579914385943188,high_mass,0.0,0.1,0.9
243,29.67568015041001,26379.21852939276,0.0343496843506629,1.4724006815334483,4.421261925653123,high_mass,0.0,0.1,0.9
244,1.3349836606565078,13530.10301947382,-0.2169280271710034,0.12547595024730399,4.131301103369144,sun_like,0.99,0.01,0.0
245,74.27265315075925,45229.792230542,-0.6213390351057537,1.870828937961026,4.655424592757274,high_mass,0.0,0.1,0.9
246,34.31191345055342,20734.83301522754,-2.106265366952837,1.5354449377543768,4.316700542190644,high_mass,0.0,0.1,0.9
247,77.3357200415892,28318.76090291446,-2.4024214615262443,1.8883801334242203,4.452074246729606,high_mass,0.0,0.1,0.9
248,77.09323616943131,45557.42527081598,0.2625435434470606,1.887016276583378,4.658559171458987,high_mass,0.0,0.1,0.9
249,68.25545549184207,32151.304805914624,-0.6500490564377859,1.8341373691972591,4.507198602719335,high_mass,0.0,0.1,0.9
250,23.626466476359894,8052.656933647293,-0.110388127071471,1.37339877433792,3.9059391972921533,high_mass,0.0,0.1,0.9
251,30.86930851529383,47142.02587164007,-1.05543294546235,1.4895269012230836,4.673408241870302,high_mass,0.0,0.1,0.9
252,68.10582005419687,32316.132520892348,-2.1480754331128167,1.83318422658854,4.509419380402763,high_mass,0.0,0.1,0.9
253,25.422068211986588,18408.01669621159,-2.124442623392349,1.405210879676492,4.265006999569175,high_mass,0.0,0.1,0.9
254,13.64247046021879,9115.423451510896,-0.4433041383130858,1.1348930220866393,3.9597768483484197,high_mass,0.02,0.7,0.28
255,44.58842087042218,40216.19649033906,-1.209082315301612,1.6492220917843263,4.60440099412328,high_mass,0.0,0.1,0.9
256,74.89876645544639,31953.45590660439,-1.8984258198989896,1.874474665149342,4.504517835890409,high_mass,0.0,0.1,0.9
257,55.712780754330346,27839.401868875277,-1.0252163597756894,1.745954835647057,4.444659900197237,high_mass,0.0,0.1,0.9
258,45.64788749014026,44959.89769492049,-2.307373188774598,1.6594206838943308,4.652825314336315,high_mass,0.0,0.1,0.9
259,7.864401852284407,39958.36753316521,-0.7540857942568038,0.895665696809169,4.60160773716605,intermediate,0.99,0.01,0.0
260,49.23907741326367,9704.55678730568,-1.693019786694707,1.6923099070114653,3.9869757056983297,high_mass,0.0,0.1,0.9
261,79.20530262333064,17306.79822028854,-0.1073226980884354,1.89875425763701,4.238216730274205,high_mass,0.0,0.1,0.9
262,11.29271281739827,14303.234141187122,-1.5689141232292787,1.0527982838294745,4.1554342480149815,high_mass,0.02,0.7,0.28
263,41.51453922386257,37837.44889720216,-1.1343395527545963,1.618200221986009,4.577921847412186,high_mass,0.0,0.1,0.9
264,70.20210844704364,4092.7906499495207,-2.465138380275698,1.846350155907091,3.612019530646496,high_mass,0.0,0.1,0.9
265,59.28741255856094,29569.760031387534,-2.2826593366163235,1.7729624971309381,4.470847800093683,high_mass,0.0,0.1,0.9
266,55.79155770552192,38716.7875726828,-1.3225193307799454,1.7465684871222977,4.587899315647336,high_mass,0.0,0.1,0.9
267,56.22847831057003,44146.367746183096,-1.0601834958486296,1.749956330525856,4.644894976708993,high_mass,0.0,0.1,0.9
268,28.82334298245844,18748.883064005604,-0.6999383556420888,1.4597443496437623,4.27297540040573,high_mass,0.0,0.1,0.9
269,23.557988356733023,41509.72197192061,-1.6250122638720903,1.372138202801391,4.618149824526073,high_mass,0.0,0.1,0.9
270,64.76795632273324,7755.007505372343,-0.4150543416203724,1.8113601936146078,3.8895822224642873,high_mass,0.0,0.1,0.9
271,64.82806023486654,42706.48385738961,0.0803671915676136,1.8117630269723781,4.630493816236135,high_mass,0.0,0.1,0.9
272,69.37907825455028,8555.711460769166,-0.1604470333199508,1.8412285256642753,3.9322561296735925,high_mass,0.0,0.1,0.9
273,73.06792014926205,21371.14630161745,-2.381143523954929,1.863726745492827,4.329827817396428,high_mass,0.0,0.1,0.9
274,40.95625766898893,40371.5298745288,-1.0584791582265132,1.6123202666211176,4.606075207262103,high_mass,0.0,0.1,0.9
275,40.171151945507255,9621.077799066756,-2.1852094647454754,1.603914285712357,3.983223726504332,high_mass,0.0,0.1,0.9
276,63.883784799445344,13389.44127355047,-1.7738649524124177,1.805390638036611,4.126762454765807,high_mass,0.0,0.1,0.9
277,52.03211806914344,36806.99699867065,0.4599877798014393,1.7162715050622592,4.565930385767561,high_mass,0.0,0.1,0.9
278,56.1871534928905,36701.73548593853,-2.0725133712954604,1.7496370307842741,4.564686600877325,high_mass,0.0,0.1,0.9
279,63.68383428794448,32954.51256205162,-1.0033355396459318,1.8040292035984202,4.517914892271842,high_mass,0.0,0.1,0.9
280,71.21142681122355,35462.55111218725,-0.6455327970456426,1.8525496874975516,4.549769974753148,high_mass,0.0,0.1,0.9
281,27.105813032437712,28279.411059010818,-0.3926050883676879,1.4330624383720363,4.451470360694696,high_mass,0.0,0.1,0.9
282,30.10907791593153,14460.455298080256,-0.8210539495392577,1.4786974555408343,4.160181967255259,high_mass,0.0,0.1,0.9
283,7.609156993285433,18920.55969143617,-2.470687457742449,0.8813365446228527,4.276933979175029,intermediate,0.99,0.01,0.0
284,46.3045832655943,11125.89154806772,-1.5206160752680242,1.6656239799692152,4.046334822250028,high_mass,0.0,0.1,0.9
285,2.971787676359693,45651.401663347344,-0.9468650698458658,0.4730177774036932,4.659454116488323,intermediate,0.99,0.01,0.0
286,37.30128164878357,30211.11025139072,-2.2364005025655,1.5717237541527063,4.480166685789417,high_mass,0.0,0.1,0.9
287,43.457306313135376,21540.442296272893,-1.4481192063724575,1.6380628032178923,4.333254616550569,high_mass,0.0,0.1,0.9
288,22.99464604504993,24445.2756730963,-2.4003906736259,1.3616267288974555,4.388194939232477,high_mass,0.0,0.1,0.9
289,47.30757751946396,47495.958631561225,-2.264264508534937,1.674930709687425,4.676656657652622,high_mass,0.0,0.1,0.9
290,2.5369699701300497,9784.19164801381,-1.3092301713952117,0.4043153265500718,3.990524950861805,intermediate,0.99,0.01,0.0
291,3.084120281062232,30345.917020797868,-2.1018527378708187,0.4891313072462862,4.482100265934404,intermediate,0.99,0.01,0.0
292,65.8257847967067,26529.712247012136,-0.7973774552153254,1.818396045610956,4.423732539457922,high_mass,0.0,0.1,0.9
293,28.87923224875991,31544.07618314577,-0.4316050925882027,1.460585643379627,4.498917812945457,high_mass,0.0,0.1,0.9
294,10.252134960885597,3360.233731489924,-0.0982399026727511,1.0108143146778414,3.526369487141593,high_mass,0.02,0.7,0.28
295,41.82723647837887,43925.8856748472,-1.8995492672655696,1.6214591717324887,4.64272052690771,high_mass,0.0,0.1,0.9
296,61.62248489257901,46775.61841797159,-1.9975522532227907,1.7897392070185123,4.670019537994327,high_mass,0.0,0.1,0.9
297,17.34410009699777,29343.826220487423,-2.186296478996799,1.2391517712840507,4.467516742026089,high_mass,0.02,0.7,0.28
298,49.86894901793813,35590.91413415238,-0.5907092513690899,1.6978302156111909,4.551339142775401,high_mass,0.0,0.1,0.9
299,6.919262453002063,46318.720605921546,-0.3805728205392964,0.8400598040431264,4.665756555005603,intermediate,0.99,0.01,0.0
300,4.229369521371755,36093.83512988644,-2.405241565523074,0.6262756312528006,4.557433030224,intermediate,0.99,0.01,0.0
301,42.55523506229503,9745.604538427417,0.3086367387310695,1.6289529937700082,3.9888087844038496,high_mass,0.0,0.1,0.9
302,43.29674621664751,29873.697107923625,-2.344086149045583,1.636455260019607,4.475288973330984,high_mass,0.0,0.1,0.9
303,51.03064912970671,31318.96470318565,-0.8761109940967886,1.7078310927621085,4.4958073973474315,high_mass,0.0,0.1,0.9
304,58.11469756444066,22646.206886863336,-0.3728184416472508,1.7642859820272838,4.354995470540643,high_mass,0.0,0.1,0.9
305,78.07058114905651,37481.101192174334,0.1129073712382568,1.8924874122183961,4.573812341945181,high_mass,0.0,0.1,0.9
306,41.35239782926551,46882.433201528205,-0.3577392036027165,1.6165006972942753,4.671010143508637,high_mass,0.0,0.1,0.9
307,25.904222188005555,46464.50436307188,-0.0948157507906244,1.4133705564946493,4.667121308890897,high_mass,0.0,0.1,0.9
308,63.63537696201943,23914.87014169628,-1.4816494223715817,1.803698621118894,4.3786680269852,high_mass,0.0,0.1,0.9
309,21.73949687583973,7878.807177435874,-0.0555246587604632,1.337249488849864,3.8964604718715465,high_mass,0.0,0.1,0.9
310,35.17381651438033,49279.95695071089,-2.2596554608459747,1.546219493742296,4.692670319771692,high_mass,0.0,0.1,0.9
311,6.36866486924705,42347.65910618187,0.1844499681815827,0.8040483961197501,4.626829408400699,intermediate,0.99,0.01,0.0
312,2.125524398895055,8421.477357155174,-0.8572228715387913,0.3274660945982107,3.9253882852976556,intermediate,0.99,0.01,0.0
313,77.0156083327662,46239.989424325184,-0.0481066901125188,1.8865787501835656,4.665017726083802,high_mass,0.0,0.1,0.9
314,66.89481162892524,43820.07719795109,-1.1430451464450997,1.8253924351324275,4.641673138323149,high_mass,0.0,0.1,0.9
315,55.70833906688648,27144.807713488422,-0.569266914410425,1.7459202102483655,4.433686769577379,high_mass,0.0,0.1,0.9
316,32.77534025870017,30585.583197884134,-0.9207920171916604,1.515547209033635,4.4855167659261275,high_mass,0.0,0.1,0.9
317,13.946216173660575,21452.62843383119,-0.3052314347340044,1.1444563927131772,4.331480510710737,high_mass,0.02,0.7,0.28
318,12.599319709419776,5101.177844046488,-2.2551100539082314,1.1003470963539803,3.707670464746958,high_mass,0.02,0.7,0.28
319,20.09440756335117,18421.868978180293,-2.3189437480283086,1.3030752065588944,4.2653336891471785,high_mass,0.0,0.1,0.9
320,43.98321051001903,40635.538808405545,-1.758690297969561,1.6432869270687942,4.6089060226705145,high_mass,0.0,0.1,0.9
321,57.19621422373498,2720.021092718636,-2.021365959660435,1.7573672841050398,3.434572271834123,high_mass,0.0,0.1,0.9
322,52.84977039974673,18341.21065532935,0.1153506997766049,1.7230431049009731,4.263427998922657,high_mass,0.0,0.1,0.9
323,22.466718365980835,21413.012945569808,-1.842358037925867,1.3515396411940415,4.330677779558495,high_mass,0.0,0.1,0.9
324,76.3937359249892,28026.291139551337,0.4275957674573938,1.8830577490895226,4.447565629183732,high_mass,0.0,0.1,0.9
325,59.05796364399191,46193.14177960612,-1.4893126246866797,1.7712784681382996,4.66457750134904,high_mass,0.0,0.1,0.9
326,44.39288879566092,18951.43473238316,-1.9536462529339025,1.647313406958096,4.2776420941336655,high_mass,0.0,0.1,0.9
327,48.97648762412475,18980.277090070816,-0.1309044785725626,1.6899876362366877,4.278302548334179,high_mass,0.0,0.1,0.9
328,33.626044987980414,37531.30928521305,-0.5238766734973717,1.526675789678469,4.574393715103864,high_mass,0.0,0.1,0.9
329,19.893706061142485,23980.35219226584,-1.005412850640583,1.298715696748016,4.379855557162931,high_mass,0.02,0.7,0.28
330,28.542217024235804,13168.729089649143,-0.8339093471871064,1.4554877040272758,4.1195438633455534,high_mass,0.0,0.1,0.9
331,60.6519042261031,23990.877016302937,-0.3423946651832086,1.7828444405184463,4.380046124432148,high_mass,0.0,0.1,0.9
332,1.250039741517494,9190.708468040491,-1.814635776006104,0.09692382040596687,3.9633489903742882,sun_like,0.99,0.01,0.0
333,9.374203976502608,10878.381859045609,0.4890017481702258,0.9719343992488093,4.036564299594582,high_mass,0.02,0.7,0.28
334,3.775611097538045,26172.46920512529,0.4243794864403494,0.5769872539280683,4.4178446974803,intermediate,0.99,0.01,0.0
335,3.354231305285714,22398.958851466024,-0.5490229409591894,0.5255930079258522,4.35022783192471,intermediate,0.99,0.01,0.0
336,68.45130066247948,45955.18030073476,-1.9013726472125647,1.8353817047004104,4.662334474355772,high_mass,0.0,0.1,0.9
337,56.322262964463896,19713.710208040076,-0.4593152727061262,1.750680095942923,4.294768368127233,high_mass,0.0,0.1,0.9
338,37.98648894407729,30077.946638207064,-2.2834047730624727,1.5796291539737746,4.4782481845082085,high_mass,0.0,0.1,0.9
339,7.916949436015018,32532.553676177693,-2.408042493382582,0.8985578711958967,4.512318155010827,intermediate,0.99,0.01,0.0
340,39.38010842183491,3121.986687945848,-1.726951334466359,1.595276907509052,3.4944310469121813,high_mass,0.0,0.1,0.9
341,37.9303944853672,34018.02517079376,-1.112131129782051,1.5789873594949673,4.531709098156003,high_mass,0.0,0.1,0.9
342,13.938829405810214,10956.708426313193,0.1048175162251414,1.1442263028908453,4.039680104605298,high_mass,0.02,0.7,0.28
343,34.76474677411405,48150.84007979912,-0.3184927907010761,1.5411390703387648,4.682603868591154,high_mass,0.0,0.1,0.9
344,31.94052827835014,9561.479568272864,-0.2718804364000569,1.50434209484802,3.9805251013365175,high_mass,0.0,0.1,0.9
345,49.3064228343721,22194.64587703363,-1.223519996655774,1.6929034957445583,4.346248220103575,high_mass,0.0,0.1,0.9
346,50.843982704324745,6554.109233735583,-1.4621950223591114,1.7062395623140223,3.8165136752540585,high_mass,0.0,0.1,0.9
347,3.719790380786357,49851.5269626825,-1.3868837110461918,0.5705184670236176,4.697678465382093,intermediate,0.99,0.01,0.0
348,30.031547908655053,26354.262990734023,0.4629486912081733,1.4775777175090816,4.420850875472894,high_mass,0.0,0.1,0.9
349,50.10620726556749,30780.78832270208,-2.379672425762553,1.6998915305418398,4.488279738296477,high_mass,0.0,0.1,0.9
350,40.30058706054901,5686.132675950305,0.1010944883673454,1.6053113725753523,3.75481698897399,high_mass,0.0,0.1,0.9
351,68.53353831094695,38123.12234396095,-0.7639737742828197,1.8359031545410278,4.58118846282729,high_mass,0.0,0.1,0.9
352,52.72962116635371,12470.515672040325,-1.1841537424312287,1.7220546511730503,4.095884412491465,high_mass,0.0,0.1,0.9
353,13.118460723806232,45157.5787484339,-0.3242270187545903,1.1178828793707947,4.6547306479476935,high_mass,0.02,0.7,0.28
354,5.7384429172943445,12244.13292289534,-1.0399931757258916,0.7587940658885848,4.087928035672652,intermediate,0.99,0.01,0.0
355,51.42930032868463,11557.666731524165,0.1202697142449817,1.7112106159901868,4.06287016731095,high_mass,0.0,0.1,0.9
356,2.218253712275583,4236.1092227845065,0.2021055920337753,0.34601121698888343,3.626967149320499,intermediate,0.99,0.01,0.0
357,46.90346894374972,24923.17989272497,-1.2348372193796338,1.6712049639819444,4.39660345218295,high_mass,0.0,0.1,0.9
358,75.22439628985411,29329.95382997428,-1.6695166082948454,1.8763587110144828,4.467311379332302,high_mass,0.0,0.1,0.9
359,46.08038681228273,5621.160372846738,-0.7229490142199133,1.6635161160257208,3.7498259759794395,high_mass,0.0,0.1,0.9
360,31.114777103901105,39337.561793013,0.237090036850073,1.4929666941878357,4.594807438128928,high_mass,0.0,0.1,0.9
361,51.49872865354402,24031.21965053131,-1.8680134329830005,1.7117965077680712,4.380775813003393,high_mass,0.0,0.1,0.9
362,36.71440595027218,27408.53779306005,-0.6311002493095517,1.5648365055901101,4.437885867157738,high_mass,0.0,0.1,0.9
363,43.69478146634321,23436.23047956584,-0.6053193397224383,1.6404295716225044,4.369887760350646,high_mass,0.0,0.1,0.9
364,75.32303822124436,21536.245391577984,-0.3006609327541572,1.876927829349269,4.3331699910766215,high_mass,0.0,0.1,0.9
365,30.949600760281868,29082.91573714035,-2.1052969446182206,1.4906550511356245,4.463637945002409,high_mass,0.0,0.1,0.9
366,76.89912604953075,9873.911681708843,-0.3525251059537342,1.885921404118427,3.994489238306032,high_mass,0.0,0.1,0.9
367,72.43751629228949,11141.586198525378,0.2270975619969228,1.8599635509870587,4.046947024610387,high_mass,0.0,0.1,0.9
368,15.743711669664789,43434.81699814207,-1.960950673389274,1.197107127490964,4.637837996060482,high_mass,0.02,0.7,0.28
369,5.64196793992572,47440.48445134756,-1.787370025228367,0.7514306139794132,4.676149115294502,intermediate,0.99,0.01,0.0
370,8.15216231005639,20232.192523288264,0.4141852821249188,0.9112728179144776,4.306042948968017,high_mass,0.02,0.7,0.28
371,1.5559238695588236,15360.371974318805,-1.9570691418715307,0.19198834339957505,4.186401732911509,intermediate,0.99,0.01,0.0
372,7.645992564398679,33089.97830385325,0.0631552801087371,0.8834338713390133,4.51969648240555,intermediate,0.99,0.01,0.0
373,54.67224119596692,21914.87312715958,-1.0231664306558956,1.7377668774234911,4.340738960715098,high_mass,0.0,0.1,0.9
374,5.787973011972296,3705.851893866381,-1.758306776790469,0.7625264974333794,3.568888058544165,intermediate,0.99,0.01,0.0
375,25.58615286047153,9917.248374894045,0.1122497038175343,1.4080049901829137,3.996391190161428,high_mass,0.0,0.1,0.9
376,67.60553734645941,36508.68087025138,-1.1640842349920035,1.8299822690262928,4.562396141327694,high_mass,0.0,0.1,0.9
377,1.959427665292487,33798.88724073219,-0.9555479382109296,0.2921292355894877,4.528902402255025,intermediate,0.99,0.01,0.0
378,65.17603175885597,3787.059643915466,-1.4222998918007028,1.8140879149248483,3.5783021450520085,high_mass,0.0,0.1,0.9
379,22.620196504394656,13043.6776918151,-0.7211474456952178,1.3544963733747408,4.115400058886176,high_mass,0.0,0.1,0.9
380,9.541369726970336,13476.052837933392,-2.0094283822449315,0.9796107250358024,4.129562705127272,high_mass,0.02,0.7,0.28
381,55.76929951259565,34414.9053209396,-1.3267553900447178,1.7463951895924235,4.536746579101141,high_mass,0.0,0.1,0.9
382,50.35253345771274,3436.250543332297,0.4082369670058625,1.702021326707406,3.536084821521208,high_mass,0.0,0.1,0.9
383,70.21001388081153,7445.157644267258,-1.7255997018966174,1.8463990588965074,3.8718738979660374,high_mass,0.0,0.1,0.9
384,58.83217639993048,40496.01405522649,-0.5297900063761234,1.769614914697101,4.607412278547739,high_mass,0.0,0.1,0.9
385,64.2981263377494,10980.871447580848,-1.5244298073259157,1.8081983176671104,4.040636807314224,high_mass,0.0,0.1,0.9
386,22.634562348447396,33505.44012296405,-0.1795806229401981,1.3547721015928424,4.525115327143422,high_mass,0.0,0.1,0.9
387,14.277419547999854,13813.68209971951,-2.1073790178449503,1.1546497216325955,4.140309457177132,high_mass,0.02,0.7,0.28
388,60.07411865610459,7223.466156068895,0.4094631352356339,1.7786874080136295,3.858745642338612,high_mass,0.0,0.1,0.9
389,64.56609566745439,14050.67907247407,-1.1386313758490825,1.8100045252730117,4.147697314298143,high_mass,0.0,0.1,0.9
390,79.24136084585379,36807.67926314381,-1.791848609960608,1.8989519252558353,4.5659384358931865,high_mass,0.0,0.1,0.9
391,33.06815238522298,43145.582235048576,-2.279509758009962,1.5194099302835729,4.634936334021966,high_mass,0.0,0.1,0.9
392,29.824245054843377,41935.4435669321,-1.9907262847373777,1.4745694591264427,4.622581241073572,high_mass,0.0,0.1,0.9
393,62.13539556328556,21366.217656876604,-0.9406781543319468,1.7933390674650291,4.32972764822241,high_mass,0.0,0.1,0.9
394,27.33020286621613,34234.04398710569,-1.488990470706141,1.4366428553791313,4.5344582043540065,high_mass,0.0,0.1,0.9
395,74.46751031572482,12236.754032251496,-0.0133499023521714,1.8719668342486722,4.0876662304862545,high_mass,0.0,0.1,0.9
396,68.68717887225664,16424.51718739813,-1.2073374290145822,1.8368756793496157,4.215492611965112,high_mass,0.0,0.1,0.9
397,34.37662278726397,45075.95137975319,-1.7538571822371103,1.5362632086832386,4.6539449017752865,high_mass,0.0,0.1,0.9
398,60.09459831654065,3117.5913667599616,-0.64856504018791,1.778835436615895,3.4938191901371805,high_mass,0.0,0.1,0.9
399,60.387975639366125,6561.655215587234,-0.3796683493436625,1.7809504711816153,3.81701340649778,high_mass,0.0,0.1,0.9
400,8.339597119991016,12374.597119436296,-1.9988742762971503,0.9211450706867788,4.09253106848206,high_mass,0.02,0.7,0.28
401,72.21397724369737,3760.2796840064366,-1.997142351135047,1.8586212647762184,3.575220148306214,high_mass,0.0,0.1,0.9
402,40.46966455858379,11118.183166765371,-2.389985719199371,1.607129604664366,4.04603382455595,high_mass,0.0,0.1,0.9
403,66.13395154200856,30194.47414606038,-0.2907939548030782,1.820424472826745,4.4799274705248,high_mass,0.0,0.1,0.9
404,25.671963122345883,22517.66615314365,-0.5085864171345849,1.409459080225918,4.3525233759956645,high_mass,0.0,0.1,0.9
405,71.65230595684642,44901.906276156304,-1.0761073727505583,1.8552301716798933,4.652264779035434,high_mass,0.0,0.1,0.9
406,31.197214130859635,41328.56918257594,0.0325113469075915,1.4941158138385062,4.616250370032052,high_mass,0.0,0.1,0.9
407,0.965928353275839,18736.324205649107,-0.0829895411498404,-0.015055085728306975,4.2726843926464255,sun_like,0.99,0.01,0.0
408,72.44001991589917,14822.613087986392,-0.7439369068097434,1.8599785610424062,4.170924772445985,high_mass,0.0,0.1,0.9
409,7.393805475212072,20535.38938794518,0.1048138415397756,0.8688680204657473,4.312502942272826,intermediate,0.99,0.01,0.0
410,25.61315964347415,30539.00976945337,-1.8824763698896956,1.4084631564100052,4.484854950905262,high_mass,0.0,0.1,0.9
411,76.00995116735932,15233.022939086624,-2.1642411418068166,1.8808704535197514,4.182786096080038,high_mass,0.0,0.1,0.9
412,76.05351104031074,32147.073122833863,-1.690751165449031,1.8811192682277427,4.507141438085545,high_mass,0.0,0.1,0.9
413,45.91768726105057,21947.05347908392,-2.328739431732056,1.6619800058041596,4.341376221905174,high_mass,0.0,0.1,0.9
414,50.583793252366966,28722.241090469062,-0.906491415996904,1.7040113937470474,4.458218323287948,high_mass,0.0,0.1,0.9
415,35.93079720606775,23216.010133927542,0.3098170768848844,1.5554668531176825,4.365787584665846,high_mass,0.0,0.1,0.9
416,23.52754065867536,16487.123578241088,-2.381969377994471,1.3715765326079061,4.217144893178594,high_mass,0.0,0.1,0.9
417,26.36029717505629,47551.53208070244,-2.13367025796992,1.4209503020054173,4.677164514196162,high_mass,0.0,0.1,0.9
418,53.83422464055538,38771.27522258864,-1.1434029151496945,1.731058462410687,4.58851008558357,high_mass,0.0,0.1,0.9
419,60.21472490207064,9155.375848906497,0.3016250525837147,1.7797027065691648,3.961676177775412,high_mass,0.0,0.1,0.9
420,63.3471655936953,43752.22885515086,-1.5515316850697485,1.8017271875768968,4.641000182040317,high_mass,0.0,0.1,0.9
421,63.19048960928486,25652.9819168519,-0.9782955739348228,1.8006517203550776,4.409137855013677,high_mass,0.0,0.1,0.9
422,7.387367633590361,44991.23077746934,-2.375281422848824,0.8684897122965798,4.653127873862436,intermediate,0.99,0.01,0.0
423,39.60418234573626,40493.12465749747,-2.0549703971137334,1.5977410514245949,4.607381290454516,high_mass,0.0,0.1,0.9
424,4.698944925329879,22697.64146228859,0.4598903688765405,0.6720003548408926,4.355980731504591,intermediate,0.99,0.01,0.0
425,44.00735769766647,3567.292145205576,0.3953560893081365,1.6435252933124869,3.5523386775624144,high_mass,0.0,0.1,0.9
426,35.37828705973283,15262.17457078494,-2.485180057196771,1.548736801481701,4.183616416764954,high_mass,0.0,0.1,0.9
427,71.02756420238815,28227.625196391175,0.3554353562697168,1.8514269213649945,4.450674342281306,high_mass,0.0,0.1,0.9
428,28.13810950291109,32590.215441741995,-0.5826401865534989,1.4492949154144965,4.513087231433246,high_mass,0.0,0.1,0.9
429,9.453654612565709,14749.66505807711,0.1037548835600663,0.9755997313922277,4.168782158274827,high_mass,0.02,0.7,0.28
430,11.525035396021586,9119.413518459149,-1.1357804330984227,1.0616422678814905,3.9599669091741414,high_mass,0.02,0.7,0.28
431,60.944699474226034,42159.18624796671,-0.9532119142622492,1.7849359398281164,4.624892219580477,high_mass,0.0,0.1,0.9
432,49.49562325896926,49259.10358341873,-1.0334602592292397,1.6945667973473766,4.692486504289178,high_mass,0.0,0.1,0.9
433,8.17970182221094,27470.283659377576,-0.4994072273616869,0.9127374724575471,4.438863143987958,high_mass,0.02,0.7,0.28
434,6.820133808588295,10654.766077794417,-2.081046235731061,0.8337928954426157,4.027543919349304,intermediate,0.99,0.01,0.0
435,56.107433603583694,15434.598009670026,-2.410079230381966,1.7490204041999413,4.188495322871853,high_mass,0.0,0.1,0.9
436,5.913764208499063,3373.5571360046697,-1.5762101752264273,0.7718640045003463,3.5280880699504555,intermediate,0.99,0.01,0.0
437,65.76661873729947,45929.193311623705,-0.3859577117900601,1.8180055140277045,4.662088817649862,high_mass,0.0,0.1,0.9
438,56.52875394980405,8093.176437281704,-1.8944396436311548,1.7522694125132148,3.908119008439332,high_mass,0.0,0.1,0.9
439,6.599767573287791,29884.532586927045,-0.479702700025248,0.8195286410849005,4.47544646758125,intermediate,0.99,0.01,0.0
440,6.878533355406835,15517.622982642286,0.4097361383218114,0.8374958476025297,4.190825196008217,intermediate,0.99,0.01,0.0
441,78.93250232224392,28823.455119500188,-2.218297852631745,1.8972558710495853,4.4597460392605335,high_mass,0.0,0.1,0.9
442,30.004236580914014,33442.46844671355,-0.4821936453246209,1.4771825811799588,4.524298325980534,high_mass,0.0,0.1,0.9
443,29.714307550644588,41912.73567609208,-1.1687493420862864,1.472965614101614,4.62234600848969,high_mass,0.0,0.1,0.9
444,65.04268542387446,12305.010408628652,0.1044267631325159,1.8131984637159944,4.090081985402338,high_mass,0.0,0.1,0.9
445,75.7851613329703,3022.301861277823,-1.9685506316578425,1.8795841794834027,3.480337838606649,high_mass,0.0,0.1,0.9
446,78.88148499944738,9002.067428268347,-0.4221221433215065,1.8969750779092576,3.95434226161459,high_mass,0.0,0.1,0.9
447,60.29491700218944,45250.885487785,0.0143458689443307,1.7802807016766784,4.655627082075944,high_mass,0.0,0.1,0.9
448,30.16314088392017,44009.77868421948,0.3338426584220695,1.4794765625801047,4.643549184594213,high_mass,0.0,0.1,0.9
449,6.771707264223634,30877.12235308964,-0.4502559151310628,0.8306981756211512,4.489636818723014,intermediate,0.99,0.01,0.0
450,62.19403858260221,31024.55087059853,-1.0084757079747182,1.7937487587300947,4.49170550311734,high_mass,0.0,0.1,0.9
451,44.71649955389083,34089.24204094714,-0.6464582793963585,1.6504677992627563,4.5326173449926435,high_mass,0.0,0.1,0.9
452,33.99533853883341,10830.135734613856,0.1067149534361546,1.531419370405414,4.034633899693132,high_mass,0.0,0.1,0.9
453,72.5177153690694,45934.56743143559,-0.7881707600835108,1.8604441134290477,4.662139630953458,high_mass,0.0,0.1,0.9
454,8.984678836261493,22391.599932373472,-2.408838820909489,0.9535025575571472,4.350085126047837,high_mass,0.02,0.7,0.28
455,39.46074583283965,20699.08009185113,0.2928460865209334,1.596165289431773,4.315951044978159,high_mass,0.0,0.1,0.9
456,1.0071562169167836,27148.591000934783,-0.4314197469053167,0.0030968378655526724,4.433747294831019,sun_like,0.99,0.01,0.0
457,37.545985295330695,4730.883421815115,-0.4704598426682604,1.574563505726375,3.674942246318233,high_mass,0.0,0.1,0.9
458,4.598631726978804,10398.460015913772,-1.8529745428068485,0.6626286312863714,4.016969026211025,intermediate,0.99,0.01,0.0
459,9.593551509818948,37556.5967802526,-0.5233435893020284,0.9819794117154974,4.574686231450303,high_mass,0.02,0.7,0.28
460,9.49034711749068,6432.936726443508,-1.3184067830375246,0.9772820974066198,3.8084092797554785,high_mass,0.02,0.7,0.28
461,51.97190313907348,31149.72519965344,-0.5463010688755237,1.715768620376153,4.49345421970143,high_mass,0.0,0.1,0.9
462,59.708985853307325,14154.082709862743,-2.180220909076028,1.7760396948285253,4.1508817290912,high_mass,0.0,0.1,0.9
463,46.711164331263056,20991.54166699389,-0.526464086190892,1.669420692728598,4.322044335337122,high_mass,0.0,0.1,0.9
464,76.9775866231159,16212.952496608244,0.4982411773119999,1.8863642911091378,4.209862110235554,high_mass,0.0,0.1,0.9
465,30.05215930394396,19394.454032085083,-2.355363883418332,1.4778756823319832,4.28767755840423,high_mass,0.0,0.1,0.9
466,22.928395693920677,36654.68049625166,0.4315225526639521,1.3603736680900542,4.564129438292532,high_mass,0.0,0.1,0.9
467,69.50107034233787,16613.281492100814,-1.279276117831388,1.8419914929381958,4.220455423731028,high_mass,0.0,0.1,0.9
468,17.96530749770427,29404.220414102616,0.1122603510117774,1.2544346550732743,4.468409669562183,high_mass,0.02,0.7,0.28
469,77.06148090130485,25112.394104457235,-0.1528435478251797,1.886837350655248,4.399888118399537,high_mass,0.0,0.1,0.9
470,1.0711425277163258,34024.380354725785,-0.7989512170399966,0.02984726250538717,4.53179022466233,sun_like,0.99,0.01,0.0
471,77.59331825394035,46999.412617926006,-0.2846523722460206,1.889824324732647,4.6720924303104505,high_mass,0.0,0.1,0.9
472,3.548476964851032,37297.17461748689,0.1355466839040437,0.5500419903256335,4.571675933832549,intermediate,0.99,0.01,0.0
473,71.30233478447587,12709.667983060946,-1.287579035046901,1.8531037509936994,4.104134205549452,high_mass,0.0,0.1,0.9
474,42.26331861599536,3981.198915411022,-1.518900515310284,1.6259635958877905,3.600013877083522,high_mass,0.0,0.1,0.9
475,79.4378872099321,14957.542104241693,-0.4972198433092458,1.9000276848167554,4.174860234018787,high_mass,0.0,0.1,0.9
476,5.996345522358369,30766.201708262102,-0.0764621741762243,0.7778866498817429,4.488073883021464,intermediate,0.99,0.01,0.0
477,44.352957323665535,4942.726140501892,-0.2131445956701529,1.6469225826013392,3.6939665483600903,high_mass,0.0,0.1,0.9
478,77.547272595966,26077.396742058725,-0.1065590534240965,1.889566527909114,4.416264234414604,high_mass,0.0,0.1,0.9
479,41.895517749194894,30850.03532355224,-1.193250055561201,1.6221675618465288,4.489255665640412,high_mass,0.0,0.1,0.9
480,50.38895118700748,18376.58481380564,-0.0464973514749349,1.7023353188948525,4.264264803332342,high_mass,0.0,0.1,0.9
481,55.69032024987092,39118.329677926544,-2.139372833888175,1.7457797153282915,4.592380302476848,high_mass,0.0,0.1,0.9
482,36.41783107494509,7563.417023854161,-0.8665327061174515,1.5613140770922833,3.8787180467356075,high_mass,0.0,0.1,0.9
483,50.24189059871667,6069.044632450916,-2.4827240185056354,1.7010659735066362,3.783120331353685,high_mass,0.0,0.1,0.9
484,46.78671352265572,37088.96591967116,-1.526242510299189,1.6701225397614512,4.569244724899351,high_mass,0.0,0.1,0.9
485,72.10252503823001,26035.837519794422,-1.4006153953858065,1.8579504740255035,4.415571552604179,high_mass,0.0,0.1,0.9
486,3.731165789282484,35199.11383031747,-1.3114819251722338,0.5718445467548137,4.546531729857458,intermediate,0.99,0.01,0.0
487,22.548958848419204,23154.298583677944,-0.4135983799304137,1.3531264940266121,4.36463162938726,high_mass,0.0,0.1,0.9
488,76.03787757771704,14204.096578857574,-1.334325696188963,1.8810299860320432,4.152413616566942,high_mass,0.0,0.1,0.9
489,71.23207633288422,41407.36008952449,-1.153919132132408,1.8526756037124164,4.617077543105644,high_mass,0.0,0.1,0.9
490,36.50697454757847,40472.25425102651,-1.7873676073770175,1.5623758430364005,4.607157394693429,high_mass,0.0,0.1,0.9
491,49.64859456434279,35498.08236558527,-1.3802446251119798,1.695906959143794,4.550204892758222,high_mass,0.0,0.1,0.9
492,22.262756520192504,15426.894018423229,-1.8181911182105452,1.3475789366110988,4.188278495963188,high_mass,0.0,0.1,0.9
493,15.13088066192853,30535.95667628164,-2.280412228694669,1.1798642059799231,4.484811530774381,high_mass,0.02,0.7,0.28
494,37.149502554704576,19646.260104651272,-0.6896542198558664,1.5699530027751067,4.29327988954619,high_mass,0.0,0.1,0.9
495,28.332843019281626,6850.148483015122,-0.4953616043349513,1.4522901553759398,3.835699985310707,high_mass,0.0,0.1,0.9
496,46.734123336884686,46072.394834456536,-0.6415289619711566,1.6696341003792332,4.663440787385259,high_mass,0.0,0.1,0.9
497,6.310997493502288,8998.884968650666,-1.109517868598283,0.8000980076889032,3.954188700332413,intermediate,0.99,0.01,0.0
498,77.9541451325267,47636.274306488114,-1.3606426594623104,1.8918392133070303,4.677937787415974,high_mass,0.0,0.1,0.9
499,78.89823848392027,23685.274215502897,0.0900009487154758,1.897067307071864,4.374478417123523,high_mass,0.0,0.1,0.9
